<?xml version="1.0" encoding="UTF-8"?>
<beans xmlns="http://www.springframework.org/schema/beans"
       xmlns:mvc="http://www.springframework.org/schema/mvc"
       xmlns:xsi="http://www.w3.org/2001/XMLSchema-instance"
       xmlns:conctext="http://www.springframework.org/schema/context"
       xsi:schemaLocation="http://www.springframework.org/schema/beans
        http://www.springframework.org/schema/beans/spring-beans-3.0.xsd
        http://www.springframework.org/schema/mvc
        http://www.springframework.org/schema/mvc/spring-mvc-3.0.xsd http://www.springframework.org/schema/context http://www.springframework.org/schema/context/spring-context.xsd">

    <conctext:component-scan base-package="com.network.theatre.services"/>

    <conctext:annotation-config/>


    <!-- JSR-303 support will be detected on classpath and enabled automatically -->
    <mvc:annotation-driven/>

    <bean id="validator" class="org.springframework.validation.beanvalidation.LocalValidatorFactoryBean"/>


    <bean class="org.springframework.beans.factory.config.PropertyPlaceholderConfigurer">
        <property name="locations">
            <list>
                <value>/resources/info.properties</value>
            </list>
        </property>
    </bean>

</beans>