<?xml version="1.0" encoding="UTF-8"?>
<beans xmlns="http://www.springframework.org/schema/beans"
       xmlns:xsi="http://www.w3.org/2001/XMLSchema-instance"
       xmlns:context="http://www.springframework.org/schema/context"
       xmlns:mvc="http://www.springframework.org/schema/mvc"
       xsi:schemaLocation="http://www.springframework.org/schema/beans http://www.springframework.org/schema/beans/spring-beans.xsd http://www.springframework.org/schema/context http://www.springframework.org/schema/context/spring-context.xsd http://www.springframework.org/schema/mvc http://www.springframework.org/schema/mvc/spring-mvc-3.0.xsd">

    <context:component-scan base-package="com.network.theatre.controllers"/>

    <context:annotation-config/>
    <!-- flags annotations for processing -->
    <!--<mvc:annotation-driven/>-->

    <!-- Configures Handler Interceptors -->
    <mvc:interceptors>
        <!-- Changes the locale when a 'locale' request parameter is sent -->
        <bean class="org.springframework.web.servlet.i18n.LocaleChangeInterceptor"/>
    </mvc:interceptors>

    <bean class="org.springframework.web.servlet.view.InternalResourceViewResolver">
        <property name="prefix" value="/WEB-INF/jsp/"/>
        <property name="suffix" value=".jsp"/>
        <property name="order" value="1"/>
    </bean>

    <bean class="com.network.theatre.utils.ResourcePaths">
        <property name="images" value="${path.images}"/>
        <property name="javascripts" value="${path.javascripts}"/>
        <property name="styles" value="${path.styles}"/>
        <property name="path" value="${path.value}"/>
    </bean>

</beans>