<?xml version="1.0" encoding="UTF-8"?>
<beans:beans xmlns="http://www.springframework.org/schema/security"
             xmlns:beans="http://www.springframework.org/schema/beans"
             xmlns:xsi="http://www.w3.org/2001/XMLSchema-instance"
             xsi:schemaLocation="http://www.springframework.org/schema/beans
http://www.springframework.org/schema/beans/spring-beans-3.0.xsd
http://www.springframework.org/schema/security
http://www.springframework.org/schema/security/spring-security-3.0.xsd">

    <http auto-config="true">
        <session-management session-fixation-protection="migrateSession">
            <concurrency-control error-if-maximum-exceeded="true" max-sessions="1"
                                 expired-url="/session_expired.htm"></concurrency-control>
        </session-management>
        <intercept-url pattern="/admin*" access="ROLE_ADMIN"/>
        <intercept-url pattern="/welcome*" access="ROLE_ADMIN,ROLE_USER"/>
        <form-login login-page="/login.htm" default-target-url="/welcome.htm"
                    authentication-failure-url="/login.htm?error=true"/>
        <anonymous username="anonymous" granted-authority="ROLE_ANONYMOUS"/>
        <logout logout-url="/logout" logout-success-url="/login.htm"/>
        <!--<remember-me key="uniqueKeyForOurApplication" services-ref="ipTokenBasedRememberMeServices"/>-->
    </http>


    <authentication-manager alias="authenticationManager">
        <authentication-provider user-service-ref="redpointUserDetailsService">
            <password-encoder hash="md5"/>
        </authentication-provider>
    </authentication-manager>

    <beans:bean id="redpointUserDetailsService" class="com.network.theatre.security.TheatreUserDetailsService">
    </beans:bean>


</beans:beans>
