<?xml version="1.0" encoding="UTF-8"?>
<beans xmlns="http://www.springframework.org/schema/beans"
       xmlns:xsi="http://www.w3.org/2001/XMLSchema-instance"
       xmlns:context="http://www.springframework.org/schema/context"
       xmlns:mvc="http://www.springframework.org/schema/mvc" xmlns:task="http://www.springframework.org/schema/task"
       xsi:schemaLocation="http://www.springframework.org/schema/beans http://www.springframework.org/schema/beans/spring-beans.xsd http://www.springframework.org/schema/context http://www.springframework.org/schema/context/spring-context.xsd http://www.springframework.org/schema/mvc http://www.springframework.org/schema/mvc/spring-mvc-3.0.xsd http://www.springframework.org/schema/task http://www.springframework.org/schema/task/spring-task-3.0.xsd">

    <context:component-scan base-package="com.network.theatre.controllers"/>

    <context:annotation-config/>

    <task:annotation-driven executor="executor" scheduler="scheduler"/>


    <task:executor id="executor" pool-size="1-15" keep-alive="300" queue-capacity="10000"/>


    <bean id="scheduler" class="org.springframework.scheduling.concurrent.ThreadPoolTaskScheduler">
        <property name="daemon" value="true"/>
        <property name="poolSize" value="10"/>
    </bean>


    <!-- flags annotations for processing -->
    <!--<mvc:annotation-driven/>-->

    <!-- Configures Handler Interceptors -->
    <mvc:interceptors>
        <!-- Changes the locale when a 'locale' request parameter is sent -->
        <bean class="org.springframework.web.servlet.i18n.LocaleChangeInterceptor"/>
    </mvc:interceptors>

    <bean class="org.springframework.web.servlet.view.InternalResourceViewResolver">
        <property name="prefix" value="/WEB-INF/jsp/"/>
        <property name="suffix" value=".jsp"/>
        <property name="order" value="1"/>
    </bean>

    <bean id="simpleUrlMapping" class="org.springframework.web.servlet.handler.SimpleUrlHandlerMapping">
        <property name="mappings">
            <props>
                <prop key="/*">unknownRequestController</prop>
            </props>
        </property>
        <property name="order" value="10"/>
    </bean>


    <bean class="org.springframework.web.servlet.handler.SimpleMappingExceptionResolver">
        <property name="exceptionMappings">
            <props>
                <prop key="java.lang.RuntimeException">
                    sorry_page
                </prop>
            </props>
        </property>
        <property name="defaultErrorView" value="sorry_page"/>
    </bean>


</beans>