<?xml version="1.0" encoding="UTF-8"?>
<beans xmlns="http://www.springframework.org/schema/beans"
       xmlns:mvc="http://www.springframework.org/schema/mvc"
       xmlns:xsi="http://www.w3.org/2001/XMLSchema-instance"
       xmlns:conctext="http://www.springframework.org/schema/context"
       xsi:schemaLocation="http://www.springframework.org/schema/beans
        http://www.springframework.org/schema/beans/spring-beans-3.0.xsd
        http://www.springframework.org/schema/mvc
        http://www.springframework.org/schema/mvc/spring-mvc-3.0.xsd http://www.springframework.org/schema/context http://www.springframework.org/schema/context/spring-context.xsd">

    <conctext:component-scan base-package="com.network.theatre.services"/>


    <!-- JSR-303 support will be detected on classpath and enabled automatically -->
    <mvc:annotation-driven/>

    <bean id="validator" class="org.springframework.validation.beanvalidation.LocalValidatorFactoryBean"/>


    <bean class="org.springframework.beans.factory.config.PropertyPlaceholderConfigurer">
        <property name="locations">
            <list>
                <value>/resources/info.properties</value>
            </list>
        </property>
    </bean>

    <bean id="mailSender" class="org.springframework.mail.javamail.JavaMailSenderImpl">
        <property name="host" value="smtp.gmail.com"/>
        <property name="port" value="587"/>
        <property name="username" value="${mail.username}"/>
        <property name="password" value="${mail.password}"/>

        <property name="javaMailProperties">
            <props>
                <prop key="mail.smtp.auth">true</prop>
                <prop key="mail.smtp.starttls.enable">true</prop>
            </props>
        </property>
    </bean>


    <bean id="regMailTemplate" class="org.springframework.mail.SimpleMailMessage">
        <property name="subject" value="Contact mail subject"/>
        <property name="text">
            <value>
                <![CDATA[
                    Dear %s, thank you for joining Artist Magnet, the theatre revolution!
                    AM connects theatre artists through productions and venues everywhere.
                    To log-on to your account, go to: http://artistmagnet.com/login.htm and invite
                    your friends to join at: http://artistmagnet.com/signup.htm
            	]]>
            </value>
        </property>
    </bean>

</beans>