<?xml version="1.0" encoding="UTF-8"?>
<beans:beans xmlns="http://www.springframework.org/schema/security"
             xmlns:beans="http://www.springframework.org/schema/beans"
             xmlns:xsi="http://www.w3.org/2001/XMLSchema-instance"
             xmlns:security="http://www.springframework.org/schema/security"
             xsi:schemaLocation="http://www.springframework.org/schema/beans
http://www.springframework.org/schema/beans/spring-beans-3.1.xsd
http://www.springframework.org/schema/security
http://www.springframework.org/schema/security/spring-security-3.1.xsd">

    <http auto-config="true" use-expressions="false">
        <session-management session-fixation-protection="migrateSession">
            <concurrency-control error-if-maximum-exceeded="false" max-sessions="15"
                                 expired-url="/login.htm"></concurrency-control>
        </session-management>
        <intercept-url pattern="/admin*" access="ROLE_ADMIN"/>
        <intercept-url pattern="/welcome*" access="ROLE_USER"/>
        <form-login login-processing-url="/login-authenticate.htm"  login-page="/login.htm" default-target-url="/welcome.htm"
                    authentication-failure-url="/login.htm?error=true"/>
        <access-denied-handler error-page="/WEB-INF/jsp/access_denied.jsp"/>
        <anonymous username="anonymous" granted-authority="ROLE_ANONYMOUS"/>
        <logout invalidate-session="true" logout-url="/logout.htm" logout-success-url="/login.htm"/>
        <!--<remember-me key="theatreUniqueKey0908"/>-->
        <!--<remember-me key="uniqueKeyForOurApplication" services-ref="ipTokenBasedRememberMeServices"/>-->
    </http>


    <authentication-manager alias="authenticationManager">
        <authentication-provider user-service-ref="theatreUserDetailsService">
            <password-encoder hash="md5"/>
        </authentication-provider>
    </authentication-manager>

    <beans:bean id="theatreUserDetailsService" class="com.network.theatre.security.TheatreUserDetailsService">
    </beans:bean>


</beans:beans>
