<?xml version="1.0" encoding="UTF-8" ?>
<!DOCTYPE mapper PUBLIC "-//mybatis.org//DTD Mapper 3.0//EN" "http://mybatis.org/dtd/mybatis-3-mapper.dtd" >
<mapper namespace="com.network.theatre.db.dao.AccountTypesDAO" >
  <resultMap id="BaseResultMap" type="com.network.theatre.db.dto.AccountTypesDto" >
    <!--
      WARNING - @mbggenerated
      This element is automatically generated by MyBatis Generator, do not modify.
      This element was generated on Sun Aug 14 01:33:05 AMST 2011.
    -->
    <id column="account_type_id" property="accountTypeId" jdbcType="INTEGER" />
    <result column="account_name" property="accountName" jdbcType="VARCHAR" />
  </resultMap>
  <sql id="Example_Where_Clause" >
    <!--
      WARNING - @mbggenerated
      This element is automatically generated by MyBatis Generator, do not modify.
      This element was generated on Sun Aug 14 01:33:05 AMST 2011.
    -->
    <where >
      <foreach collection="oredCriteria" item="criteria" separator="or" >
        <if test="criteria.valid" >
          <trim prefix="(" suffix=")" prefixOverrides="and" >
            <foreach collection="criteria.criteria" item="criterion" >
              <choose >
                <when test="criterion.noValue" >
                  and ${criterion.condition}
                </when>
                <when test="criterion.singleValue" >
                  and ${criterion.condition} #{criterion.value}
                </when>
                <when test="criterion.betweenValue" >
                  and ${criterion.condition} #{criterion.value} and #{criterion.secondValue}
                </when>
                <when test="criterion.listValue" >
                  and ${criterion.condition}
                  <foreach collection="criterion.value" item="listItem" open="(" close=")" separator="," >
                    #{listItem}
                  </foreach>
                </when>
              </choose>
            </foreach>
          </trim>
        </if>
      </foreach>
    </where>
  </sql>
  <sql id="Update_By_Example_Where_Clause" >
    <!--
      WARNING - @mbggenerated
      This element is automatically generated by MyBatis Generator, do not modify.
      This element was generated on Sun Aug 14 01:33:05 AMST 2011.
    -->
    <where >
      <foreach collection="example.oredCriteria" item="criteria" separator="or" >
        <if test="criteria.valid" >
          <trim prefix="(" suffix=")" prefixOverrides="and" >
            <foreach collection="criteria.criteria" item="criterion" >
              <choose >
                <when test="criterion.noValue" >
                  and ${criterion.condition}
                </when>
                <when test="criterion.singleValue" >
                  and ${criterion.condition} #{criterion.value}
                </when>
                <when test="criterion.betweenValue" >
                  and ${criterion.condition} #{criterion.value} and #{criterion.secondValue}
                </when>
                <when test="criterion.listValue" >
                  and ${criterion.condition}
                  <foreach collection="criterion.value" item="listItem" open="(" close=")" separator="," >
                    #{listItem}
                  </foreach>
                </when>
              </choose>
            </foreach>
          </trim>
        </if>
      </foreach>
    </where>
  </sql>
  <sql id="Base_Column_List" >
    <!--
      WARNING - @mbggenerated
      This element is automatically generated by MyBatis Generator, do not modify.
      This element was generated on Sun Aug 14 01:33:05 AMST 2011.
    -->
    account_type_id, account_name
  </sql>
  <select id="selectByExample" resultMap="BaseResultMap" parameterType="com.network.theatre.db.dto.AccountTypesCondition" >
    <!--
      WARNING - @mbggenerated
      This element is automatically generated by MyBatis Generator, do not modify.
      This element was generated on Sun Aug 14 01:33:05 AMST 2011.
    -->
    select
    <if test="distinct" >
      distinct
    </if>
    <include refid="Base_Column_List" />
    from account_types
    <if test="_parameter != null" >
      <include refid="Example_Where_Clause" />
    </if>
    <if test="orderByClause != null" >
      order by ${orderByClause}
    </if>
    <if test="limitClause != null" >
      limit ${limitClause}
    </if>
  </select>
  <select id="selectByPrimaryKey" resultMap="BaseResultMap" parameterType="java.lang.Integer" >
    <!--
      WARNING - @mbggenerated
      This element is automatically generated by MyBatis Generator, do not modify.
      This element was generated on Sun Aug 14 01:33:05 AMST 2011.
    -->
    select 
    <include refid="Base_Column_List" />
    from account_types
    where account_type_id = #{accountTypeId,jdbcType=INTEGER}
  </select>
  <delete id="deleteByPrimaryKey" parameterType="java.lang.Integer" >
    <!--
      WARNING - @mbggenerated
      This element is automatically generated by MyBatis Generator, do not modify.
      This element was generated on Sun Aug 14 01:33:05 AMST 2011.
    -->
    delete from account_types
    where account_type_id = #{accountTypeId,jdbcType=INTEGER}
  </delete>
  <delete id="deleteByExample" parameterType="com.network.theatre.db.dto.AccountTypesCondition" >
    <!--
      WARNING - @mbggenerated
      This element is automatically generated by MyBatis Generator, do not modify.
      This element was generated on Sun Aug 14 01:33:05 AMST 2011.
    -->
    delete from account_types
    <if test="_parameter != null" >
      <include refid="Example_Where_Clause" />
    </if>
  </delete>
  <insert id="insert" parameterType="com.network.theatre.db.dto.AccountTypesDto" >
    <!--
      WARNING - @mbggenerated
      This element is automatically generated by MyBatis Generator, do not modify.
      This element was generated on Sun Aug 14 01:33:05 AMST 2011.
    -->
    insert into account_types (account_type_id, account_name)
    values (#{accountTypeId,jdbcType=INTEGER}, #{accountName,jdbcType=VARCHAR})
  </insert>
  <insert id="insertSelective" parameterType="com.network.theatre.db.dto.AccountTypesDto" >
    <!--
      WARNING - @mbggenerated
      This element is automatically generated by MyBatis Generator, do not modify.
      This element was generated on Sun Aug 14 01:33:05 AMST 2011.
    -->
    insert into account_types
    <trim prefix="(" suffix=")" suffixOverrides="," >
      <if test="accountTypeId != null" >
        account_type_id,
      </if>
      <if test="accountName != null" >
        account_name,
      </if>
    </trim>
    <trim prefix="values (" suffix=")" suffixOverrides="," >
      <if test="accountTypeId != null" >
        #{accountTypeId,jdbcType=INTEGER},
      </if>
      <if test="accountName != null" >
        #{accountName,jdbcType=VARCHAR},
      </if>
    </trim>
  </insert>
  <select id="countByExample" parameterType="com.network.theatre.db.dto.AccountTypesCondition" resultType="java.lang.Integer" >
    <!--
      WARNING - @mbggenerated
      This element is automatically generated by MyBatis Generator, do not modify.
      This element was generated on Sun Aug 14 01:33:05 AMST 2011.
    -->
    select count(*) from account_types
    <if test="_parameter != null" >
      <include refid="Example_Where_Clause" />
    </if>
  </select>
  <update id="updateByExampleSelective" parameterType="map" >
    <!--
      WARNING - @mbggenerated
      This element is automatically generated by MyBatis Generator, do not modify.
      This element was generated on Sun Aug 14 01:33:05 AMST 2011.
    -->
    update account_types
    <set >
      <if test="record.accountTypeId != null" >
        account_type_id = #{record.accountTypeId,jdbcType=INTEGER},
      </if>
      <if test="record.accountName != null" >
        account_name = #{record.accountName,jdbcType=VARCHAR},
      </if>
    </set>
    <if test="_parameter != null" >
      <include refid="Update_By_Example_Where_Clause" />
    </if>
  </update>
  <update id="updateByExample" parameterType="map" >
    <!--
      WARNING - @mbggenerated
      This element is automatically generated by MyBatis Generator, do not modify.
      This element was generated on Sun Aug 14 01:33:05 AMST 2011.
    -->
    update account_types
    set account_type_id = #{record.accountTypeId,jdbcType=INTEGER},
      account_name = #{record.accountName,jdbcType=VARCHAR}
    <if test="_parameter != null" >
      <include refid="Update_By_Example_Where_Clause" />
    </if>
  </update>
  <update id="updateByPrimaryKeySelective" parameterType="com.network.theatre.db.dto.AccountTypesDto" >
    <!--
      WARNING - @mbggenerated
      This element is automatically generated by MyBatis Generator, do not modify.
      This element was generated on Sun Aug 14 01:33:05 AMST 2011.
    -->
    update account_types
    <set >
      <if test="accountName != null" >
        account_name = #{accountName,jdbcType=VARCHAR},
      </if>
    </set>
    where account_type_id = #{accountTypeId,jdbcType=INTEGER}
  </update>
  <update id="updateByPrimaryKey" parameterType="com.network.theatre.db.dto.AccountTypesDto" >
    <!--
      WARNING - @mbggenerated
      This element is automatically generated by MyBatis Generator, do not modify.
      This element was generated on Sun Aug 14 01:33:05 AMST 2011.
    -->
    update account_types
    set account_name = #{accountName,jdbcType=VARCHAR}
    where account_type_id = #{accountTypeId,jdbcType=INTEGER}
  </update>
  <insert id="insertList" useGeneratedKeys="true" parameterType="java.util.List" keyProperty="id" >
    <!--
      WARNING - @mbggenerated
      This element is automatically generated by MyBatis Generator, do not modify.
      This element was generated on Sun Aug 14 01:33:05 AMST 2011
    -->
    INSERT INTO account_types (account_type_id, account_name) VALUES
    <foreach collection="recordList" item="parm" open="(" close=")" separator="),(" >
      #{parm.accountTypeId}, #{parm.accountName}
    </foreach>
  </insert>
</mapper>